Week,Jim,Dwight,Michael,Pam,Creed,Stanley,Angela,Kevin,Andy,Toby
1,Dwight,Jim,Pam,Michael,Stanley,Creed,Kevin,Angela,Toby,Andy
2,Toby,Pam,Andy,Dwight,Angela,Kevin,Creed,Stanley,Michael,Jim
3,Pam,Creed,Stanley,Jim,Dwight,Michael,Andy,Toby,Angela,Kevin
4,Creed,Toby,Angela,Kevin,Jim,Andy,Michael,Pam,Stanley,Dwight
5,Stanley,Angela,Kevin,Andy,Toby,Jim,Dwight,Michael,Pam,Creed
6,Angela,Kevin,Andy,Toby,Stanley,Creed,Jim,Dwight,Michael,Pam
7,Kevin,Andy,Toby,Creed,Pam,Angela,Stanley,Jim,Dwight,Michael
8,Andy,Toby,Creed,Stanley,Michael,Pam,Kevin,Angela,Jim,Dwight
9,Toby,Michael,Dwight,Angela,Kevin,Andy,Pam,Creed,Stanley,Jim
10,Dwight,Jim,Pam,Michael,Angela,Toby,Creed,Andy,Kevin,Stanley
11,Michael,Pam,Jim,Dwight,Andy,Kevin,Toby,Stanley,Creed,Angela
12,Pam,Creed,Stanley,Jim,Dwight,Michael,Andy,Toby,Angela,Kevin
13,Creed,Stanley,Angela,Kevin,Jim,Dwight,Michael,Pam,Toby,Andy
14,Stanley,Angela,Kevin,Andy,Toby,Jim,Dwight,Michael,Pam,Creed